3550;-46,6324684;-23,5285974
3545;-46,6324688;-23,5285974
3544;-46,6375896;-23,5303023
8827;-46,6254782;-23,5254297
8826;-46,6251226;-23,5254158
8825;-46,6241151;-23,5254436
8824;-46,6240966;-23,5254444
8823;-46,6232055;-23,5254800
8822;-46,6231942;-23,5254711
8821;-46,6231495;-23,5249381
8820;-46,6231805;-23,5243868
8819;-46,6231490;-23,5249210
8817;-46,6231737;-23,5243774
8816;-46,6256728;-23,5257594
8815;-46,6254893;-23,5254369
8814;-46,6375954;-23,5302852
8813;-46,6375896;-23,5303023
8812;-46,6376115;-23,5302233
8811;-46,6376816;-23,5291247
8810;-46,6374323;-23,5291956
8809;-46,6368601;-23,5286673
8808;-46,6369884;-23,5289475
8807;-46,6369884;-23,5289477
8806;-46,6370671;-23,5291204
8805;-46,6370701;-23,5291268
8804;-46,6371455;-23,5292793
8803;-46,6285208;-23,5273412
8802;-46,6285190;-23,5273272
8801;-46,6285598;-23,5261654
8800;-46,6256795;-23,5257631
8799;-46,6256793;-23,5257562
8798;-46,6256790;-23,5257477
8797;-46,6256776;-23,5257024
8796;-46,6263523;-23,5259571
8795;-46,6260890;-23,5259327
8794;-46,6259140;-23,5259165
8793;-46,6257362;-23,5259000
8792;-46,6257326;-23,5258973
8791;-46,6256851;-23,5258614
8790;-46,6256801;-23,5257794
8789;-46,6256797;-23,5257716
8788;-46,6284055;-23,5264666
8787;-46,6282644;-23,5267323
8786;-46,6282642;-23,5267329
8785;-46,6281759;-23,5269256
8784;-46,6281748;-23,5269279
8783;-46,6281213;-23,5270169
8782;-46,6281209;-23,5270177
8781;-46,6280643;-23,5271344
8780;-46,6280636;-23,5271358
8779;-46,6280455;-23,5271719
8778;-46,6280376;-23,5271875
8777;-46,6279680;-23,5273264
8776;-46,6278448;-23,5275541
8775;-46,6277313;-23,5277781
8774;-46,6277298;-23,5277809
8773;-46,6276030;-23,5280135
8772;-46,6269575;-23,5260125
8771;-46,6266984;-23,5259892
8770;-46,6266980;-23,5259892
8769;-46,6359967;-23,5295991
8768;-46,6360771;-23,5298397
8767;-46,6360772;-23,5298400
8766;-46,6361162;-23,5299562
8765;-46,6358221;-23,5296256
8764;-46,6356949;-23,5296572
8763;-46,6356947;-23,5296573
8762;-46,6354704;-23,5297137
8761;-46,6353045;-23,5297606
8760;-46,6353043;-23,5297606
8759;-46,6351580;-23,5297983
8758;-46,6350116;-23,5298359
8757;-46,6350113;-23,5298360
8756;-46,6348553;-23,5298737
8755;-46,6348551;-23,5298738
8754;-46,6346601;-23,5299299
8753;-46,6346600;-23,5299300
8752;-46,6344259;-23,5299956
8751;-46,6344257;-23,5299956
8750;-46,6342992;-23,5300331
8749;-46,6342988;-23,5300331
8748;-46,6361649;-23,5300975
8747;-46,6361496;-23,5300542
8746;-46,6359897;-23,5299775
8745;-46,6361491;-23,5300525
8744;-46,6386023;-23,5288948
8743;-46,6382523;-23,5289794
8742;-46,6381413;-23,5289975
8741;-46,6324679;-23,5285974
8740;-46,6298269;-23,5283829
8739;-46,6296786;-23,5284218
8738;-46,6296658;-23,5284250
8737;-46,6363726;-23,5306950
8736;-46,6363724;-23,5306943
8735;-46,6363329;-23,5305799
8734;-46,6362923;-23,5304629
8733;-46,6364376;-23,5309074
8732;-46,6364801;-23,5310287
8731;-46,6365363;-23,5311918
8730;-46,6365761;-23,5313295
8728;-46,6379163;-23,5282084
8727;-46,6299505;-23,5292562
8726;-46,6296090;-23,5293591
8725;-46,6320345;-23,5287387
8724;-46,6351443;-23,5277621
8723;-46,6352397;-23,5277339
8722;-46,6291768;-23,5294764
8721;-46,6290343;-23,5295286
8720;-46,6311201;-23,5285892
8719;-46,6311116;-23,5285650
8717;-46,6323637;-23,5286186
8716;-46,6323791;-23,5286258
8715;-46,6329165;-23,5284381
8714;-46,6334661;-23,5282729
8713;-46,6339113;-23,5281587
8712;-46,6339841;-23,5295377
8711;-46,6339811;-23,5295360
8710;-46,6343561;-23,5303492
8709;-46,6343555;-23,5303473
8708;-46,6344329;-23,5306083
8707;-46,6345323;-23,5309264
8706;-46,6352209;-23,5285688
8705;-46,6279262;-23,5261029
8704;-46,6277617;-23,5260872
8703;-46,6276380;-23,5260754
8702;-46,6274643;-23,5260589
8701;-46,6272876;-23,5260421
8700;-46,6283940;-23,5287531
8699;-46,6283384;-23,5287674
8698;-46,6281822;-23,5288142
8697;-46,6279771;-23,5288615
8696;-46,6277324;-23,5288729
8695;-46,6277722;-23,5289177
8694;-46,6280025;-23,5283529
8693;-46,6278759;-23,5285916
8692;-46,6281138;-23,5281411
8691;-46,6282104;-23,5279577
8690;-46,6282505;-23,5278813
8689;-46,6282880;-23,5278081
8688;-46,6283438;-23,5276945
8687;-46,6284167;-23,5275585
8686;-46,6283471;-23,5276881
8685;-46,6283447;-23,5276927
8684;-46,6279299;-23,5261031
8683;-46,6282405;-23,5261337
8682;-46,6284630;-23,5261531
8681;-46,6285267;-23,5261573
8680;-46,6285659;-23,5261389
8679;-46,6284759;-23,5287217
8678;-46,6284848;-23,5287297
8677;-46,6285263;-23,5273296
8676;-46,6285757;-23,5261344
8675;-46,6286359;-23,5259983
8674;-46,6286401;-23,5271566
8673;-46,6291493;-23,5262214
8672;-46,6289857;-23,5264579
8671;-46,6288817;-23,5266643
8670;-46,6288805;-23,5266667
8669;-46,6288517;-23,5267121
8668;-46,6287395;-23,5269250
8667;-46,6287369;-23,5269300
8666;-46,6285932;-23,5271934
8665;-46,6295080;-23,5268812
8664;-46,6290026;-23,5270356
8663;-46,6289051;-23,5270727
8662;-46,6286534;-23,5271471
8661;-46,6286513;-23,5271477
8660;-46,6287723;-23,5286562
8659;-46,6288426;-23,5286381
8658;-46,6289605;-23,5286079
8657;-46,6291048;-23,5285721
8656;-46,6290551;-23,5262973
8655;-46,6290641;-23,5263052
8654;-46,6290819;-23,5263214
8653;-46,6291165;-23,5293171
8652;-46,6291595;-23,5294361
8651;-46,6292067;-23,5294654
8650;-46,6292023;-23,5286977
8649;-46,6292801;-23,5285386
8648;-46,6291118;-23,5293041
8647;-46,6290730;-23,5291938
8646;-46,6291205;-23,5289147
8645;-46,6291773;-23,5286915
8644;-46,6292000;-23,5285452
8643;-46,6291887;-23,5269623
8642;-46,6291976;-23,5269704
8641;-46,6292521;-23,5284306
8640;-46,6292255;-23,5284472
8639;-46,6292555;-23,5283272
8638;-46,6292550;-23,5283291
8637;-46,6293332;-23,5281606
8636;-46,6292999;-23,5281487
8635;-46,6294891;-23,5275724
8634;-46,6293848;-23,5278534
8633;-46,6296643;-23,5284256
8632;-46,6294219;-23,5285100
8631;-46,6294518;-23,5276459
8630;-46,6294607;-23,5276539
8629;-46,6298412;-23,5283791
8628;-46,6299490;-23,5283045
8627;-46,6302201;-23,5282897
8626;-46,6299763;-23,5283437
8625;-46,6299713;-23,5283450
8624;-46,6304970;-23,5290970
8623;-46,6303213;-23,5291529
8622;-46,6301653;-23,5291998
8621;-46,6311704;-23,5289002
8620;-46,6310337;-23,5289377
8619;-46,6309069;-23,5289752
8618;-46,6307234;-23,5290306
8617;-46,6307215;-23,5290314
8616;-46,6311288;-23,5286306
8615;-46,6311378;-23,5286387
8614;-46,6315201;-23,5286799
8613;-46,6311890;-23,5287188
8612;-46,6311978;-23,5287374
8611;-46,6312282;-23,5288274
8610;-46,6317438;-23,5284617
8609;-46,6317358;-23,5283208
8608;-46,6317526;-23,5284697
8607;-46,6318659;-23,5286902
8606;-46,6317638;-23,5285779
8605;-46,6320373;-23,5286481
8604;-46,6321663;-23,5285837
8603;-46,6322229;-23,5286725
8602;-46,6324699;-23,5285969
8601;-46,6325567;-23,5285691
8600;-46,6325547;-23,5285698
8599;-46,6329067;-23,5284496
8598;-46,6327595;-23,5285044
8597;-46,6335813;-23,5282519
8596;-46,6334838;-23,5282890
8595;-46,6332986;-23,5283452
8594;-46,6330620;-23,5284109
8593;-46,6334959;-23,5279385
8592;-46,6335959;-23,5277931
8590;-46,6335159;-23,5279348
8589;-46,6336872;-23,5280973
8588;-46,6336463;-23,5279622
8587;-46,6337919;-23,5281993
8586;-46,6337383;-23,5282683
8585;-46,6337082;-23,5282054
8584;-46,6338198;-23,5285202
8583;-46,6337695;-23,5283692
8582;-46,6337688;-23,5283673
8581;-46,6338504;-23,5286193
8580;-46,6338833;-23,5287045
8579;-46,6338709;-23,5286913
8578;-46,6339780;-23,5290864
8577;-46,6339767;-23,5290816
8576;-46,6339504;-23,5289656
8575;-46,6339205;-23,5288333
8574;-46,6340383;-23,5292860
8573;-46,6340961;-23,5294836
8572;-46,6341397;-23,5296273
8571;-46,6340678;-23,5289361
8570;-46,6339988;-23,5289668
8569;-46,6339133;-23,5281581
8568;-46,6341278;-23,5280836
8567;-46,6342747;-23,5300729
8566;-46,6342187;-23,5298887
8565;-46,6358365;-23,5296220
8564;-46,6359826;-23,5295656
8563;-46,6343043;-23,5280194
8562;-46,6343133;-23,5280275
8561;-46,6343480;-23,5304427
8560;-46,6343569;-23,5304506
8559;-46,6343657;-23,5304588
8558;-46,6343747;-23,5304668
8557;-46,6343925;-23,5304829
8556;-46,6344122;-23,5288220
8555;-46,6345962;-23,5279431
8554;-46,6344205;-23,5279902
8553;-46,6340697;-23,5289352
8552;-46,6342259;-23,5288952
8551;-46,6344209;-23,5288300
8550;-46,6344555;-23,5307450
8549;-46,6344645;-23,5307529
8548;-46,6345109;-23,5281699
8547;-46,6345094;-23,5281648
8546;-46,6345526;-23,5283722
8545;-46,6345721;-23,5283679
8544;-46,6346037;-23,5284677
8543;-46,6346126;-23,5284758
8542;-46,6346330;-23,5285388
8541;-46,6346534;-23,5286109
8540;-46,6346340;-23,5285427
8539;-46,6346334;-23,5285409
8538;-46,6350355;-23,5286249
8537;-46,6348991;-23,5286715
8536;-46,6346908;-23,5287350
8535;-46,6347213;-23,5288471
8534;-46,6347044;-23,5287729
8533;-46,6344315;-23,5288263
8532;-46,6346551;-23,5287463
8531;-46,6346844;-23,5287370
8530;-46,6347034;-23,5279060
8529;-46,6347245;-23,5288604
8528;-46,6347253;-23,5288629
8527;-46,6348172;-23,5291781
8526;-46,6349396;-23,5295741
8525;-46,6347530;-23,5278793
8524;-46,6347611;-23,5278840
8523;-46,6347671;-23,5290079
8522;-46,6347759;-23,5290159
8521;-46,6348897;-23,5294220
8520;-46,6348986;-23,5294300
8519;-46,6350225;-23,5278050
8518;-46,6348453;-23,5278575
8517;-46,6350213;-23,5277992
8516;-46,6351488;-23,5297895
8515;-46,6351578;-23,5297984
8514;-46,6354613;-23,5297050
8513;-46,6354701;-23,5297138
8511;-46,6359270;-23,5293670
8510;-46,6359563;-23,5294370
8509;-46,6359874;-23,5295639
8508;-46,6361963;-23,5301825
8507;-46,6362413;-23,5303009
8506;-46,6367509;-23,5293764
8505;-46,6366951;-23,5293906
8504;-46,6363683;-23,5294667
8503;-46,6365643;-23,5294134
8502;-46,6365733;-23,5294215
8501;-46,6367774;-23,5285073
8500;-46,6367061;-23,5283708
8498;-46,6367400;-23,5292577
8497;-46,6367457;-23,5292800
8496;-46,6368563;-23,5293484
8495;-46,6369353;-23,5293192
8494;-46,6369443;-23,5293273
8493;-46,6370273;-23,5293054
8492;-46,6370251;-23,5293056
8491;-46,6370909;-23,5292994
8490;-46,6371595;-23,5293069
8489;-46,6372598;-23,5295046
8488;-46,6372099;-23,5294238
8487;-46,6372703;-23,5296508
8486;-46,6373122;-23,5296289
8485;-46,6373082;-23,5293785
8484;-46,6373171;-23,5293866
8483;-46,6371398;-23,5292679
8482;-46,6373218;-23,5292224
8481;-46,6379887;-23,5290454
8480;-46,6376958;-23,5291206
8479;-46,6375009;-23,5299897
8478;-46,6373413;-23,5296860
8477;-46,6373404;-23,5296843
8476;-46,6374115;-23,5298109
8475;-46,6374204;-23,5298189
8474;-46,6375523;-23,5301074
8473;-46,6375612;-23,5301154
8472;-46,6376113;-23,5302142
8471;-46,6377447;-23,5304506
8470;-46,6377025;-23,5304273
8469;-46,6377238;-23,5304199
8468;-46,6377672;-23,5304949
8467;-46,6377741;-23,5305672
8466;-46,6378099;-23,5303485
8465;-46,6378188;-23,5303566
8464;-46,6378133;-23,5306194
8463;-46,6377954;-23,5305600
8462;-46,6378280;-23,5306271
8461;-46,6379062;-23,5307856
8459;-46,6378894;-23,5282164
8458;-46,6379629;-23,5284686
8457;-46,6379719;-23,5284766
8456;-46,6380734;-23,5287645
8455;-46,6380938;-23,5288617
8454;-46,6381651;-23,5290525
8453;-46,6381450;-23,5290166
8452;-46,6380942;-23,5288637
8451;-46,6381350;-23,5289987
8450;-46,6382070;-23,5291750
8449;-46,6382063;-23,5291731
8448;-46,6382961;-23,5293985
8447;-46,6382362;-23,5292595
8446;-46,6384776;-23,5289147
8445;-46,6384867;-23,5289227
3523;-46,6386037;-23,5288948
3510;-46,6398091;-23,5289772
3507;-46,6398075;-23,5289772
3502;-46,6385603;-23,5313267
3501;-46,6385586;-23,5313267
3497;-46,6396599;-23,5274520
3495;-46,6386032;-23,5288948
3493;-46,6355954;-23,5316229
3491;-46,6356597;-23,5316096
3489;-46,6376163;-23,5335234
3487;-46,6377438;-23,5333254
3485;-46,6380230;-23,5329356
3483;-46,6381990;-23,5325971
3481;-46,6384794;-23,5324510
3479;-46,6385121;-23,5320416
3477;-46,6388395;-23,5316402
3475;-46,6389394;-23,5313037
3473;-46,6391259;-23,5309517
3471;-46,6392091;-23,5307863
3469;-46,6393904;-23,5305994
3467;-46,6395542;-23,5315222
3465;-46,6396042;-23,5314158
3463;-46,6397188;-23,5312133
3461;-46,6397951;-23,5297131
3459;-46,6398280;-23,5296594
3457;-46,6399425;-23,5294620
3455;-46,6399926;-23,5307099
3453;-46,6402625;-23,5302081
3451;-46,6403954;-23,5299669
3449;-46,6405130;-23,5291933
3398;-46,6391363;-23,5308799
3395;-46,6391347;-23,5308799
3394;-46,6391375;-23,5308799
3392;-46,6391384;-23,5308799
3384;-46,6387947;-23,5314922
3382;-46,6387905;-23,5314922
3380;-46,6387924;-23,5314922
3378;-46,6387937;-23,5314922
3375;-46,6401570;-23,5290239
3371;-46,6401601;-23,5290239
3368;-46,6401626;-23,5290239
3366;-46,6401623;-23,5290166
3360;-46,6401523;-23,5290239
3354;-46,6398319;-23,5321511
3349;-46,6398305;-23,5321412
790;-46,6254782;-23,5254272
789;-46,6259270;-23,5255363
788;-46,6254951;-23,5254315
787;-46,6251238;-23,5254138
786;-46,6241151;-23,5254423
785;-46,6232050;-23,5254791
784;-46,6240963;-23,5254429
783;-46,6231954;-23,5254708
782;-46,6231513;-23,5249375
781;-46,6231517;-23,5249214
780;-46,6231823;-23,5243871
778;-46,6231734;-23,5243766
777;-46,6398241;-23,5321697
776;-46,6398405;-23,5321606
775;-46,6398321;-23,5321511
774;-46,6398169;-23,5321311
773;-46,6398305;-23,5321412
772;-46,6355954;-23,5316229
771;-46,6356597;-23,5316096
770;-46,6356284;-23,5316313
769;-46,6356201;-23,5316333
768;-46,6382347;-23,5324836
767;-46,6379522;-23,5329945
766;-46,6378612;-23,5331019
765;-46,6374770;-23,5336638
764;-46,6373174;-23,5338929
763;-46,6376157;-23,5335234
762;-46,6373325;-23,5339034
761;-46,6377438;-23,5333254
760;-46,6377449;-23,5333238
759;-46,6380230;-23,5329356
758;-46,6380216;-23,5329373
757;-46,6387899;-23,5314922
756;-46,6387804;-23,5315029
755;-46,6383429;-23,5322916
754;-46,6383292;-23,5323164
753;-46,6384794;-23,5324510
752;-46,6384779;-23,5324496
751;-46,6385121;-23,5320416
750;-46,6385109;-23,5320433
749;-46,6382005;-23,5325971
748;-46,6378698;-23,5331063
747;-46,6379613;-23,5330006
746;-46,6387954;-23,5314809
745;-46,6388395;-23,5316402
744;-46,6388403;-23,5316388
743;-46,6397796;-23,5321370
742;-46,6393844;-23,5318715
741;-46,6388146;-23,5314886
740;-46,6383378;-23,5323217
739;-46,6388103;-23,5314877
738;-46,6389397;-23,5313019
737;-46,6388925;-23,5313606
736;-46,6387979;-23,5314744
735;-46,6388055;-23,5314546
734;-46,6391332;-23,5308816
733;-46,6391342;-23,5308799
732;-46,6391259;-23,5309517
731;-46,6391269;-23,5309499
730;-46,6391390;-23,5308720
729;-46,6391433;-23,5308618
728;-46,6393337;-23,5305171
727;-46,6392091;-23,5307863
726;-46,6392100;-23,5307845
725;-46,6393436;-23,5305052
724;-46,6388188;-23,5314873
723;-46,6397951;-23,5297131
722;-46,6397930;-23,5297137
721;-46,6397353;-23,5297266
720;-46,6395159;-23,5301427
719;-46,6395040;-23,5301436
718;-46,6395542;-23,5315222
717;-46,6396042;-23,5314158
716;-46,6396071;-23,5314150
715;-46,6395567;-23,5315181
714;-46,6395948;-23,5314352
713;-46,6397183;-23,5312133
712;-46,6398280;-23,5296594
711;-46,6401534;-23,5290422
710;-46,6400841;-23,5291545
709;-46,6399425;-23,5294620
708;-46,6399413;-23,5294636
707;-46,6393944;-23,5318738
706;-46,6398001;-23,5321249
705;-46,6399926;-23,5307099
704;-46,6393904;-23,5305994
703;-46,6393897;-23,5305975
702;-46,6393559;-23,5305044
701;-46,6399918;-23,5307120
700;-46,6397045;-23,5313712
699;-46,6401530;-23,5290166
698;-46,6401338;-23,5290129
697;-46,6401618;-23,5290239
696;-46,6404986;-23,5291927
695;-46,6405108;-23,5291933
694;-46,6405130;-23,5291933
693;-46,6401505;-23,5290227
692;-46,6400717;-23,5291527
691;-46,6397342;-23,5297064
690;-46,6397288;-23,5297250
689;-46,6402625;-23,5302081
688;-46,6402628;-23,5302075
687;-46,6403919;-23,5299644
686;-46,6400130;-23,5307979
685;-46,6403713;-23,5301321
684;-46,6407475;-23,5293638
683;-46,6411398;-23,5294794
682;-46,6411369;-23,5294792
681;-46,6414266;-23,5296442
680;-46,6398045;-23,5289772
679;-46,6382415;-23,5310771
678;-46,6283730;-23,5253610
677;-46,6283723;-23,5253547
676;-46,6257367;-23,5255594
675;-46,6257516;-23,5255579
674;-46,6258294;-23,5255504
673;-46,6365799;-23,5313427
672;-46,6367109;-23,5313545
671;-46,6390150;-23,5286512
670;-46,6391338;-23,5287199
669;-46,6364297;-23,5314292
668;-46,6364316;-23,5314288
667;-46,6365905;-23,5313866
666;-46,6366212;-23,5313785
665;-46,6368261;-23,5313246
664;-46,6368269;-23,5313244
663;-46,6369575;-23,5312883
662;-46,6369584;-23,5312881
661;-46,6315680;-23,5272899
660;-46,6381332;-23,5309668
659;-46,6380088;-23,5310120
658;-46,6380092;-23,5310120
657;-46,6259413;-23,5255398
656;-46,6287975;-23,5254949
655;-46,6275026;-23,5254064
654;-46,6287850;-23,5255264
653;-46,6287867;-23,5256279
652;-46,6287613;-23,5254493
651;-46,6287840;-23,5254862
650;-46,6285149;-23,5253344
649;-46,6283826;-23,5253291
648;-46,6283711;-23,5253286
647;-46,6283657;-23,5253291
646;-46,6280778;-23,5253545
645;-46,6278238;-23,5253779
644;-46,6272487;-23,5254291
643;-46,6269369;-23,5254568
642;-46,6261924;-23,5255167
641;-46,6385555;-23,5313200
640;-46,6385023;-23,5312863
639;-46,6291493;-23,5262214
638;-46,6291505;-23,5262198
637;-46,6292342;-23,5261259
636;-46,6323922;-23,5273570
635;-46,6267612;-23,5254706
634;-46,6264373;-23,5255004
633;-46,6384451;-23,5297875
632;-46,6290143;-23,5256325
631;-46,6292824;-23,5258992
630;-46,6300242;-23,5264874
629;-46,6298855;-23,5263625
628;-46,6296576;-23,5261572
627;-46,6295787;-23,5261038
626;-46,6294699;-23,5260146
625;-46,6292924;-23,5259052
624;-46,6316169;-23,5273745
623;-46,6304207;-23,5270874
622;-46,6305719;-23,5272475
621;-46,6306190;-23,5273281
620;-46,6306476;-23,5275091
619;-46,6309872;-23,5282619
618;-46,6309961;-23,5282700
617;-46,6311069;-23,5285521
616;-46,6310668;-23,5284408
615;-46,6332965;-23,5273246
614;-46,6331292;-23,5273167
613;-46,6331270;-23,5273167
612;-46,6337547;-23,5272116
611;-46,6337403;-23,5272156
610;-46,6365155;-23,5279999
609;-46,6367051;-23,5283690
608;-46,6366088;-23,5281711
607;-46,6365855;-23,5281283
606;-46,6379125;-23,5307979
605;-46,6379826;-23,5309327
604;-46,6380037;-23,5309956
603;-46,6352347;-23,5285635
602;-46,6352209;-23,5285688
601;-46,6354755;-23,5284712
600;-46,6385511;-23,5273500
599;-46,6385523;-23,5273484
598;-46,6267712;-23,5254935
597;-46,6267701;-23,5254820
596;-46,6267691;-23,5254699
595;-46,6287540;-23,5254372
594;-46,6287413;-23,5254300
593;-46,6286308;-23,5253670
592;-46,6286359;-23,5259983
591;-46,6286413;-23,5259854
590;-46,6287425;-23,5257506
589;-46,6302832;-23,5268459
588;-46,6302532;-23,5267921
587;-46,6301932;-23,5266934
586;-46,6309092;-23,5280802
585;-46,6308899;-23,5280289
584;-46,6308863;-23,5280192
583;-46,6308158;-23,5278664
582;-46,6307655;-23,5277586
581;-46,6307251;-23,5276596
580;-46,6306547;-23,5275069
579;-46,6305741;-23,5273271
578;-46,6305242;-23,5272464
577;-46,6303830;-23,5270074
576;-46,6304123;-23,5270879
575;-46,6304438;-23,5270706
574;-46,6310395;-23,5281304
573;-46,6309369;-23,5281541
572;-46,6315419;-23,5271815
571;-46,6312680;-23,5272115
570;-46,6309620;-23,5270631
569;-46,6309911;-23,5272122
568;-46,6309913;-23,5272136
567;-46,6310151;-23,5273496
566;-46,6310359;-23,5274577
565;-46,6310679;-23,5276561
564;-46,6311090;-23,5278181
563;-46,6311196;-23,5278813
562;-46,6311213;-23,5278904
561;-46,6311405;-23,5279894
560;-46,6311628;-23,5281043
559;-46,6315866;-23,5273937
558;-46,6316463;-23,5277936
557;-46,6316245;-23,5276042
556;-46,6316176;-23,5276873
555;-46,6316266;-23,5276952
554;-46,6316355;-23,5277034
553;-46,6317116;-23,5275220
552;-46,6322871;-23,5273352
551;-46,6322228;-23,5273559
550;-46,6319847;-23,5274288
549;-46,6317896;-23,5274941
548;-46,6320734;-23,5273927
547;-46,6320823;-23,5274006
546;-46,6323859;-23,5273262
545;-46,6324836;-23,5273071
544;-46,6328469;-23,5273042
543;-46,6329832;-23,5273093
542;-46,6329809;-23,5273094
541;-46,6328646;-23,5273120
540;-46,6328559;-23,5273122
539;-46,6333105;-23,5268559
538;-46,6332683;-23,5266839
537;-46,6333194;-23,5268640
536;-46,6333701;-23,5269989
535;-46,6334008;-23,5271411
534;-46,6334822;-23,5272785
533;-46,6334012;-23,5271429
532;-46,6335953;-23,5277912
531;-46,6334834;-23,5274581
530;-46,6334774;-23,5274370
529;-46,6334528;-23,5273502
528;-46,6334324;-23,5272872
527;-46,6335353;-23,5276121
526;-46,6335442;-23,5276200
525;-46,6335458;-23,5276662
524;-46,6335547;-23,5276742
523;-46,6350045;-23,5269004
522;-46,6348971;-23,5269287
521;-46,6346433;-23,5269945
520;-46,6343308;-23,5270700
519;-46,6340575;-23,5271452
518;-46,6339892;-23,5271640
517;-46,6342340;-23,5270810
516;-46,6342428;-23,5270891
515;-46,6349225;-23,5260799
514;-46,6348582;-23,5259863
513;-46,6348591;-23,5259893
512;-46,6348695;-23,5260272
511;-46,6348967;-23,5261069
510;-46,6350812;-23,5266927
509;-46,6351088;-23,5267565
508;-46,6350901;-23,5267009
507;-46,6350492;-23,5265568
506;-46,6349580;-23,5263140
505;-46,6349273;-23,5262059
504;-46,6349257;-23,5262010
503;-46,6351873;-23,5317556
502;-46,6352018;-23,5317522
501;-46,6352119;-23,5317497
500;-46,6353555;-23,5317149
499;-46,6354653;-23,5316863
498;-46,6351608;-23,5269206
497;-46,6351133;-23,5267696
496;-46,6351396;-23,5269335
495;-46,6351399;-23,5268709
494;-46,6351473;-23,5272791
493;-46,6352353;-23,5271342
492;-46,6352269;-23,5271356
491;-46,6351562;-23,5272872
490;-46,6352738;-23,5272950
489;-46,6353292;-23,5274302
488;-46,6353286;-23,5274283
487;-46,6353751;-23,5275624
486;-46,6352683;-23,5277259
485;-46,6356438;-23,5276154
484;-46,6355595;-23,5276414
483;-46,6354555;-23,5276777
482;-46,6354209;-23,5277260
481;-46,6354105;-23,5276913
480;-46,6354544;-23,5278647
479;-46,6354669;-23,5278618
478;-46,6355088;-23,5280158
477;-46,6355178;-23,5280238
476;-46,6355994;-23,5282849
475;-46,6355494;-23,5281427
474;-46,6355487;-23,5281409
473;-46,6356279;-23,5316406
472;-46,6356301;-23,5316400
471;-46,6358074;-23,5315968
470;-46,6356458;-23,5284247
469;-46,6356665;-23,5285083
468;-46,6356988;-23,5284102
467;-46,6359262;-23,5293650
466;-46,6359155;-23,5293020
465;-46,6358850;-23,5292029
464;-46,6357629;-23,5288340
463;-46,6357026;-23,5287087
462;-46,6357278;-23,5287029
461;-46,6363647;-23,5314450
460;-46,6360576;-23,5315293
459;-46,6358254;-23,5290600
458;-46,6358344;-23,5290679
457;-46,6358388;-23,5283843
456;-46,6365574;-23,5281393
455;-46,6364111;-23,5281860
454;-46,6362647;-23,5282327
453;-46,6358336;-23,5283685
452;-46,6358750;-23,5275243
451;-46,6359924;-23,5283087
450;-46,6360013;-23,5283168
449;-46,6363647;-23,5272231
448;-46,6363246;-23,5270411
447;-46,6363242;-23,5270391
446;-46,6356604;-23,5276111
445;-46,6358838;-23,5275324
444;-46,6360011;-23,5275040
443;-46,6361669;-23,5274481
442;-46,6363523;-23,5273920
441;-46,6364738;-23,5277248
440;-46,6364113;-23,5274184
439;-46,6364238;-23,5275547
438;-46,6364326;-23,5275627
437;-46,6364673;-23,5278260
436;-46,6364851;-23,5278421
435;-46,6371193;-23,5312491
434;-46,6371195;-23,5312490
433;-46,6372475;-23,5312149
432;-46,6372497;-23,5312143
431;-46,6366382;-23,5282568
430;-46,6366471;-23,5282648
429;-46,6367329;-23,5280743
428;-46,6368457;-23,5280071
427;-46,6368504;-23,5280183
426;-46,6371113;-23,5268684
425;-46,6374733;-23,5278173
424;-46,6371545;-23,5279372
423;-46,6371533;-23,5279339
422;-46,6371345;-23,5268652
421;-46,6371569;-23,5270413
420;-46,6371808;-23,5272059
419;-46,6372920;-23,5273550
418;-46,6373817;-23,5274375
417;-46,6374192;-23,5274697
416;-46,6373826;-23,5311769
415;-46,6373830;-23,5311768
414;-46,6375621;-23,5311314
413;-46,6375625;-23,5311313
412;-46,6376771;-23,5311040
411;-46,6376776;-23,5311038
410;-46,6374208;-23,5274710
409;-46,6377642;-23,5310810
408;-46,6379796;-23,5310215
407;-46,6376673;-23,5274652
406;-46,6376703;-23,5274599
405;-46,6376693;-23,5274617
404;-46,6375769;-23,5276013
403;-46,6377724;-23,5272344
402;-46,6377901;-23,5272504
401;-46,6378380;-23,5271596
400;-46,6379371;-23,5271685
399;-46,6379459;-23,5271765
398;-46,6380530;-23,5311327
397;-46,6380113;-23,5310112
396;-46,6377655;-23,5277286
395;-46,6377667;-23,5277293
394;-46,6387209;-23,5288661
393;-46,6387188;-23,5288666
392;-46,6386051;-23,5288941
391;-46,6383165;-23,5308798
390;-46,6382709;-23,5309993
389;-46,6382576;-23,5311304
388;-46,6383476;-23,5311898
387;-46,6383538;-23,5311938
386;-46,6380616;-23,5276413
385;-46,6382296;-23,5275570
384;-46,6383233;-23,5298916
383;-46,6386117;-23,5313570
382;-46,6386001;-23,5313481
381;-46,6385648;-23,5313267
380;-46,6384851;-23,5304056
379;-46,6384191;-23,5305850
378;-46,6383528;-23,5307663
377;-46,6382642;-23,5275704
376;-46,6383738;-23,5296649
375;-46,6384238;-23,5297969
374;-46,6383323;-23,5298996
373;-46,6384395;-23,5275050
372;-46,6384434;-23,5298615
371;-46,6387492;-23,5279808
370;-46,6386287;-23,5277383
369;-46,6385186;-23,5275498
368;-46,6385442;-23,5302471
367;-46,6385997;-23,5300973
366;-46,6384895;-23,5299431
365;-46,6386703;-23,5278561
364;-46,6386792;-23,5278642
363;-46,6386125;-23,5300636
362;-46,6387109;-23,5298039
361;-46,6388170;-23,5294972
360;-46,6388324;-23,5281400
359;-46,6389040;-23,5282666
358;-46,6388721;-23,5282184
357;-46,6388296;-23,5281425
356;-46,6388737;-23,5293341
355;-46,6388453;-23,5294156
354;-46,6388322;-23,5294535
353;-46,6388674;-23,5288284
352;-46,6389051;-23,5282683
351;-46,6389170;-23,5292334
350;-46,6389655;-23,5291062
349;-46,6389726;-23,5290872
348;-46,6390324;-23,5289072
347;-46,6390388;-23,5288877
346;-46,6390855;-23,5287719
345;-46,6390863;-23,5287700
344;-46,6390995;-23,5287638
343;-46,6391601;-23,5287350
342;-46,6389944;-23,5286393
341;-46,6390405;-23,5285647
340;-46,6391217;-23,5284104
339;-46,6391361;-23,5283831
338;-46,6391634;-23,5283275
337;-46,6396223;-23,5288927
336;-46,6393662;-23,5287690
335;-46,6392382;-23,5287162
334;-46,6392542;-23,5281200
333;-46,6392030;-23,5282469
332;-46,6392701;-23,5281379
331;-46,6393179;-23,5280379
330;-46,6394234;-23,5278563
329;-46,6395369;-23,5288504
328;-46,6395436;-23,5288574
327;-46,6395662;-23,5275565
326;-46,6395662;-23,5275584
325;-46,6394268;-23,5278506
324;-46,6394713;-23,5277745
323;-46,6395288;-23,5276656
322;-46,6395734;-23,5275974
321;-46,6396317;-23,5274992
320;-46,6396399;-23,5274854
319;-46,6396588;-23,5274537
318;-46,6396598;-23,5274520
317;-46,6398134;-23,5289767
316;-46,6398347;-23,5289917
315;-46,6398959;-23,5290218
314;-46,6399666;-23,5290567
313;-46,6398376;-23,5288814
312;-46,6397818;-23,5289663
311;-46,6398459;-23,5289727
310;-46,6398450;-23,5289746
309;-46,6398357;-23,5289921
308;-46,6399959;-23,5290712
307;-46,6401126;-23,5291275
306;-46,6400744;-23,5291116
305;-46,6402662;-23,5291821
304;-46,6401642;-23,5291489
303;-46,6402822;-23,5291927
302;-46,6403808;-23,5292459
301;-46,6406566;-23,5293694
300;-46,6407650;-23,5294225
299;-46,6409208;-23,5295011
298;-46,6410309;-23,5295539
297;-46,6409226;-23,5295021
296;-46,6412580;-23,5293590
295;-46,6412588;-23,5293571
294;-46,6412869;-23,5292804
293;-46,6413365;-23,5291648
292;-46,6413372;-23,5291629
3335;-46,6251146;-23,5231156
3330;-46,6251151;-23,5231156
3329;-46,6232555;-23,5202362
3291;-46,6255947;-23,5232362
3290;-46,6229758;-23,5245556
3289;-46,6229773;-23,5246835
3288;-46,6229859;-23,5246906
3287;-46,6232021;-23,5253869
3286;-46,6231907;-23,5246975
3285;-46,6251246;-23,5254098
3284;-46,6241055;-23,5254387
3283;-46,6232017;-23,5255163
3282;-46,6254419;-23,5247120
3281;-46,6254815;-23,5254229
3280;-46,6255780;-23,5232254
3279;-46,6256234;-23,5244466
3278;-46,6259683;-23,5231129
3277;-46,6259782;-23,5231268
3276;-46,6264566;-23,5206892
3275;-46,6267061;-23,5204300
3274;-46,6252376;-23,5251645
3273;-46,6252366;-23,5251508
3272;-46,6252268;-23,5250162
3271;-46,6252126;-23,5246642
3270;-46,6251937;-23,5243838
3269;-46,6251937;-23,5243834
3268;-46,6251659;-23,5240506
3267;-46,6251501;-23,5235631
3266;-46,6251162;-23,5231156
3265;-46,6251368;-23,5232723
3264;-46,6247968;-23,5225173
3263;-46,6247951;-23,5225262
3262;-46,6249507;-23,5225260
3261;-46,6232555;-23,5202362
3260;-46,6234588;-23,5203115
3259;-46,6234609;-23,5203131
3258;-46,6236333;-23,5204685
3257;-46,6236390;-23,5204737
3256;-46,6238134;-23,5206223
3255;-46,6238209;-23,5206287
3254;-46,6240309;-23,5208006
3253;-46,6240387;-23,5208070
3252;-46,6242493;-23,5209969
3251;-46,6242565;-23,5210034
3250;-46,6231015;-23,5225288
3249;-46,6231896;-23,5225279
3248;-46,6248050;-23,5224709
3247;-46,6244787;-23,5224837
3246;-46,6241654;-23,5224960
3245;-46,6238718;-23,5225081
3244;-46,6235880;-23,5225291
3243;-46,6232944;-23,5225412
3242;-46,6231965;-23,5225422
3241;-46,6231083;-23,5225431
3240;-46,6247709;-23,5213104
3239;-46,6250547;-23,5220840
3238;-46,6250191;-23,5224537
3237;-46,6250636;-23,5220921
3236;-46,6244051;-23,5211373
3235;-46,6245826;-23,5212031
3234;-46,6247799;-23,5213184
3233;-46,6249382;-23,5214522
3232;-46,6250380;-23,5216047
3231;-46,6250797;-23,5218029
3230;-46,6250813;-23,5226527
3229;-46,6251138;-23,5231025
3228;-46,6251134;-23,5229675
3227;-46,6250901;-23,5226606
3226;-46,6250763;-23,5223356
3225;-46,6251369;-23,5232743
3224;-46,6251547;-23,5238439
3223;-46,6251636;-23,5238519
3222;-46,6252059;-23,5247563
3221;-46,6252238;-23,5247724
3220;-46,6255588;-23,5232702
3219;-46,6255362;-23,5233819
3218;-46,6255501;-23,5233521
3217;-46,6255480;-23,5233679
3216;-46,6255478;-23,5233694
3215;-46,6255459;-23,5233831
3214;-46,6255600;-23,5233659
3213;-46,6255584;-23,5233640
3212;-46,6255578;-23,5233698
3211;-46,6255563;-23,5233835
3210;-46,6251392;-23,5234639
3209;-46,6255801;-23,5234864
3208;-46,6255904;-23,5242367
3207;-46,6256221;-23,5245064
3206;-46,6255728;-23,5236850
3205;-46,6255959;-23,5239738
3204;-46,6255993;-23,5242447
3203;-46,6256129;-23,5244348
3202;-46,6256218;-23,5244347
3201;-46,6256240;-23,5244346
3200;-46,6259883;-23,5231218
3199;-46,6259880;-23,5231238
3198;-46,6271108;-23,5229195
3197;-46,6270228;-23,5229295
3196;-46,6267395;-23,5229866
3195;-46,6265928;-23,5230062
3194;-46,6263876;-23,5230445
3193;-46,6259847;-23,5231073
3192;-46,6259830;-23,5231059
3191;-46,6258041;-23,5231635
3190;-46,6258893;-23,5231400
3189;-46,6259783;-23,5231154
3188;-46,6259879;-23,5231127
3187;-46,6264130;-23,5208775
3186;-46,6264133;-23,5208649
3185;-46,6268976;-23,5229416
3184;-46,6269154;-23,5229577
3183;-46,6270461;-23,5201937
3182;-46,6269709;-23,5201998
3181;-46,6269726;-23,5201985
3180;-46,6271095;-23,5201162
3179;-46,6273300;-23,5232243
3178;-46,6272780;-23,5229810
3177;-46,6273957;-23,5228152
3176;-46,6273934;-23,5228172
3175;-46,6272892;-23,5229156
3174;-46,6276796;-23,5225521
3173;-46,6276688;-23,5225425
3172;-46,6270190;-23,5201636
3171;-46,6271083;-23,5201052
3170;-46,6274897;-23,5201279
3169;-46,6281894;-23,5222854
3168;-46,6280249;-23,5223118
3167;-46,6278268;-23,5224019
3166;-46,6278145;-23,5201127
3165;-46,6278805;-23,5200506
3164;-46,6278894;-23,5200587
3163;-46,6276666;-23,5200973
3162;-46,6278396;-23,5200673
3161;-46,6278983;-23,5200667
3160;-46,6281038;-23,5200554
3159;-46,6292549;-23,5220752
3158;-46,6290498;-23,5221225
3157;-46,6286980;-23,5221895
3156;-46,6283757;-23,5222561
3155;-46,6288553;-23,5221527
3154;-46,6288642;-23,5221606
3153;-46,6281687;-23,5200462
3152;-46,6284071;-23,5200252
3151;-46,6287104;-23,5200041
3150;-46,6288476;-23,5200116
3149;-46,6290879;-23,5203622
3148;-46,6291192;-23,5205154
3147;-46,6289554;-23,5200195
3146;-46,6290648;-23,5201539
3145;-46,6290968;-23,5203702
3144;-46,6291280;-23,5205234
3143;-46,6291394;-23,5206497
3142;-46,6291651;-23,5208454
3141;-46,6291653;-23,5208474
3140;-46,6293740;-23,5207935
3139;-46,6293726;-23,5207950
3138;-46,6291909;-23,5210438
3137;-46,6292043;-23,5211456
3136;-46,6292079;-23,5211687
3135;-46,6292251;-23,5212790
3134;-46,6292387;-23,5214714
3133;-46,6292255;-23,5212810
3132;-46,6292358;-23,5213170
3131;-46,6292476;-23,5214794
3130;-46,6292701;-23,5217140
3129;-46,6292913;-23,5218492
3128;-46,6292926;-23,5219666
3127;-46,6293405;-23,5222572
3125;-46,6296437;-23,5219997
3124;-46,6294604;-23,5220642
3123;-46,6293241;-23,5221288
3297;-46,6397626;-23,5251352
3293;-46,6416325;-23,5217679
1245;-46,6229812;-23,5245559
1244;-46,6229826;-23,5246895
1243;-46,6232091;-23,5253947
1242;-46,6231880;-23,5246969
1241;-46,6251243;-23,5254083
1240;-46,6241070;-23,5254359
1239;-46,6232241;-23,5255336
1238;-46,6254395;-23,5247077
1237;-46,6254808;-23,5254221
1236;-46,6258907;-23,5245769
1235;-46,6268655;-23,5243949
1234;-46,6270408;-23,5243922
1233;-46,6268744;-23,5244029
1232;-46,6270318;-23,5243842
1231;-46,6272271;-23,5243200
1230;-46,6272836;-23,5243194
1229;-46,6305524;-23,5215931
1228;-46,6305630;-23,5216562
1227;-46,6305613;-23,5216011
1226;-46,6305719;-23,5216642
1225;-46,6306126;-23,5217902
1224;-46,6306037;-23,5217822
1223;-46,6364942;-23,5202560
1222;-46,6364884;-23,5202650
1221;-46,6370380;-23,5209762
1220;-46,6370254;-23,5209446
1219;-46,6369946;-23,5208962
1218;-46,6370618;-23,5210109
1217;-46,6370534;-23,5209638
1216;-46,6370353;-23,5209311
1215;-46,6370129;-23,5208960
1214;-46,6424753;-23,5240277
1213;-46,6424771;-23,5240458
1212;-46,6425101;-23,5240581
1211;-46,6330154;-23,5195273
1210;-46,6330243;-23,5195352
1209;-46,6273192;-23,5237256
1208;-46,6416321;-23,5217679
1207;-46,6416145;-23,5217911
1206;-46,6362718;-23,5197577
1205;-46,6444768;-23,5231481
1204;-46,6443376;-23,5230889
1203;-46,6442009;-23,5230312
1202;-46,6363068;-23,5200712
1201;-46,6363047;-23,5200706
1200;-46,6363191;-23,5201298
1199;-46,6363169;-23,5201300
1198;-46,6370303;-23,5209946
1197;-46,6370294;-23,5209964
1196;-46,6370488;-23,5210325
1195;-46,6370473;-23,5210341
1194;-46,6426713;-23,5247352
1193;-46,6477067;-23,5216508
1192;-46,6416747;-23,5238050
1191;-46,6416751;-23,5238039
1190;-46,6264244;-23,5244875
1189;-46,6257994;-23,5245858
1188;-46,6258015;-23,5245854
1187;-46,6258978;-23,5245665
1186;-46,6258994;-23,5245725
1185;-46,6258999;-23,5245744
1184;-46,6259663;-23,5245398
1183;-46,6259751;-23,5245477
1182;-46,6263166;-23,5235609
1181;-46,6261691;-23,5235886
1180;-46,6263255;-23,5235689
1179;-46,6268294;-23,5244137
1178;-46,6268276;-23,5244125
1177;-46,6268573;-23,5243938
1176;-46,6268551;-23,5243941
1175;-46,6268116;-23,5244010
1174;-46,6268833;-23,5234556
1173;-46,6265209;-23,5235306
1172;-46,6267359;-23,5234924
1171;-46,6268922;-23,5234636
1170;-46,6271149;-23,5234254
1169;-46,6271170;-23,5234252
1168;-46,6271172;-23,5234252
1167;-46,6272333;-23,5233246
1166;-46,6271951;-23,5234063
1165;-46,6272440;-23,5233967
1164;-46,6272983;-23,5243114
1163;-46,6272976;-23,5243133
1162;-46,6272454;-23,5243088
1161;-46,6272475;-23,5243085
1160;-46,6274308;-23,5242527
1159;-46,6273019;-23,5243012
1158;-46,6273095;-23,5238800
1157;-46,6273493;-23,5238719
1156;-46,6273300;-23,5232243
1155;-46,6273304;-23,5232262
1154;-46,6273508;-23,5233315
1153;-46,6273509;-23,5233324
1152;-46,6274134;-23,5233670
1151;-46,6286704;-23,5231199
1150;-46,6285238;-23,5231486
1149;-46,6284358;-23,5231585
1148;-46,6282698;-23,5231964
1147;-46,6280941;-23,5232434
1146;-46,6277228;-23,5233104
1145;-46,6274199;-23,5233677
1144;-46,6272745;-23,5235464
1143;-46,6272751;-23,5235499
1142;-46,6273163;-23,5237120
1141;-46,6273920;-23,5242892
1140;-46,6276061;-23,5242491
1139;-46,6276083;-23,5242487
1138;-46,6277155;-23,5232921
1137;-46,6277123;-23,5233125
1136;-46,6278701;-23,5232737
1135;-46,6278791;-23,5232817
1134;-46,6288365;-23,5230911
1133;-46,6291626;-23,5230191
1132;-46,6291688;-23,5230335
1131;-46,6292763;-23,5230143
1130;-46,6293249;-23,5223521
1129;-46,6294320;-23,5229404
1128;-46,6293934;-23,5229950
1127;-46,6293587;-23,5225446
1126;-46,6294320;-23,5229342
1125;-46,6294320;-23,5229361
1124;-46,6293730;-23,5222825
1123;-46,6293821;-23,5223467
1122;-46,6294079;-23,5225477
1121;-46,6294293;-23,5226877
1120;-46,6295059;-23,5225071
1119;-46,6295484;-23,5227685
1118;-46,6294829;-23,5222987
1117;-46,6295150;-23,5225150
1116;-46,6295363;-23,5226684
1115;-46,6295573;-23,5227765
1114;-46,6295688;-23,5229279
1113;-46,6295690;-23,5229299
1112;-46,6301855;-23,5228964
1111;-46,6299020;-23,5229264
1110;-46,6296086;-23,5229656
1109;-46,6295962;-23,5171036
1108;-46,6297199;-23,5177317
1107;-46,6297292;-23,5177314
1106;-46,6296363;-23,5174234
1105;-46,6297250;-23,5177441
1104;-46,6297432;-23,5177483
1103;-46,6293750;-23,5207944
1102;-46,6297822;-23,5202827
1101;-46,6297912;-23,5202906
1100;-46,6298126;-23,5202029
1099;-46,6298393;-23,5202270
1098;-46,6298424;-23,5196048
1097;-46,6298513;-23,5196127
1096;-46,6298807;-23,5196125
1095;-46,6299101;-23,5196122
1094;-46,6299454;-23,5200904
1093;-46,6299359;-23,5201175
1092;-46,6303172;-23,5217572
1091;-46,6296457;-23,5219990
1090;-46,6297728;-23,5219796
1089;-46,6300366;-23,5219317
1088;-46,6300434;-23,5217962
1087;-46,6300801;-23,5174977
1086;-46,6300423;-23,5172504
1085;-46,6300998;-23,5221315
1084;-46,6301101;-23,5221856
1083;-46,6300957;-23,5219581
1082;-46,6301176;-23,5221475
1081;-46,6301280;-23,5222016
1080;-46,6301096;-23,5222854
1079;-46,6302980;-23,5177812
1078;-46,6300805;-23,5174998
1077;-46,6301388;-23,5222827
1076;-46,6301388;-23,5222827
1075;-46,6301642;-23,5224341
1074;-46,6301703;-23,5224700
1073;-46,6301705;-23,5224721
1072;-46,6301820;-23,5226074
1071;-46,6302241;-23,5228418
1070;-46,6303161;-23,5180585
1069;-46,6304692;-23,5204019
1068;-46,6304282;-23,5203292
1067;-46,6303441;-23,5180556
1066;-46,6303820;-23,5205554
1065;-46,6303755;-23,5207539
1064;-46,6304208;-23,5210352
1063;-46,6304699;-23,5204023
1062;-46,6304682;-23,5204010
1061;-46,6304901;-23,5184573
1060;-46,6304462;-23,5184681
1059;-46,6304744;-23,5184333
1058;-46,6304834;-23,5184406
1057;-46,6305383;-23,5215129
1056;-46,6305375;-23,5215148
1055;-46,6305611;-23,5215829
1054;-46,6305605;-23,5215812
1053;-46,6304788;-23,5212829
1052;-46,6305398;-23,5215098
1051;-46,6305909;-23,5217272
1050;-46,6305967;-23,5204990
1049;-46,6306128;-23,5217992
1048;-46,6306128;-23,5218012
1047;-46,6306040;-23,5218002
1046;-46,6306055;-23,5218017
1045;-46,6306129;-23,5218083
1044;-46,6306334;-23,5218893
1043;-46,6306355;-23,5219804
1042;-46,6306445;-23,5219885
1041;-46,6306721;-23,5222122
1040;-46,6307715;-23,5226834
1039;-46,6308743;-23,5231510
1038;-46,6308116;-23,5228356
1037;-46,6307392;-23,5225202
1036;-46,6307805;-23,5226915
1035;-46,6308012;-23,5227816
1034;-46,6307955;-23,5204888
1033;-46,6308104;-23,5194773
1032;-46,6308430;-23,5205425
1031;-46,6308520;-23,5205504
1030;-46,6308193;-23,5194852
1029;-46,6304158;-23,5184694
1028;-46,6308405;-23,5185240
1027;-46,6308592;-23,5185129
1026;-46,6308482;-23,5194489
1025;-46,6308934;-23,5196522
1024;-46,6308938;-23,5196542
1023;-46,6310909;-23,5201269
1022;-46,6310812;-23,5202706
1021;-46,6309125;-23,5204369
1020;-46,6309690;-23,5204819
1019;-46,6309421;-23,5204710
1018;-46,6309688;-23,5204950
1017;-46,6319376;-23,5196452
1016;-46,6315957;-23,5197120
1015;-46,6308948;-23,5196550
1014;-46,6311080;-23,5198706
1013;-46,6312065;-23,5198343
1012;-46,6312154;-23,5198424
1011;-46,6333446;-23,5223150
1010;-46,6331401;-23,5225960
1009;-46,6328183;-23,5228270
1008;-46,6325180;-23,5230254
1007;-46,6322170;-23,5232363
1006;-46,6319453;-23,5234377
1005;-46,6316830;-23,5236121
1004;-46,6314613;-23,5237668
1003;-46,6314597;-23,5237679
1002;-46,6317615;-23,5235490
1001;-46,6317705;-23,5235570
1000;-46,6322408;-23,5196059
999;-46,6326218;-23,5195721
998;-46,6330332;-23,5195434
997;-46,6328179;-23,5195547
996;-46,6331321;-23,5195644
995;-46,6331343;-23,5195333
994;-46,6334416;-23,5195120
993;-46,6334588;-23,5221814
992;-46,6334825;-23,5222161
991;-46,6348180;-23,5212883
990;-46,6343472;-23,5216167
989;-46,6341062;-23,5217869
988;-46,6338487;-23,5219675
987;-46,6336076;-23,5221377
986;-46,6337761;-23,5194946
985;-46,6337909;-23,5194931
984;-46,6341540;-23,5194568
983;-46,6345140;-23,5194208
982;-46,6347021;-23,5194159
981;-46,6345359;-23,5214316
980;-46,6345625;-23,5214656
979;-46,6347005;-23,5213112
978;-46,6347280;-23,5213543
977;-46,6356409;-23,5207102
976;-46,6353901;-23,5208837
975;-46,6351732;-23,5210417
974;-46,6348894;-23,5194123
973;-46,6359812;-23,5197554
972;-46,6358134;-23,5196579
971;-46,6356363;-23,5195785
970;-46,6354280;-23,5194945
969;-46,6354101;-23,5194898
968;-46,6352873;-23,5194572
967;-46,6352730;-23,5194534
966;-46,6354738;-23,5194752
965;-46,6354917;-23,5194914
964;-46,6354787;-23,5195079
963;-46,6356457;-23,5207070
962;-46,6356440;-23,5207081
961;-46,6361575;-23,5199610
960;-46,6361665;-23,5199720
959;-46,6362305;-23,5200147
914;-46,6391351;-23,5230342
913;-46,6388848;-23,5229118
912;-46,6386601;-23,5228021
911;-46,6385850;-23,5227654
910;-46,6386172;-23,5244423
909;-46,6386126;-23,5243790
908;-46,6388594;-23,5217767
907;-46,6388683;-23,5217848
906;-46,6390936;-23,5241574
905;-46,6386561;-23,5244148
904;-46,6387432;-23,5243325
903;-46,6390457;-23,5218731
902;-46,6393557;-23,5215990
901;-46,6391316;-23,5216917
900;-46,6390933;-23,5217643
899;-46,6385134;-23,5204934
898;-46,6388308;-23,5203449
897;-46,6390812;-23,5202383
896;-46,6392775;-23,5239839
895;-46,6389463;-23,5241318
894;-46,6389708;-23,5241098
893;-46,6390700;-23,5240202
892;-46,6391501;-23,5239484
891;-46,6390830;-23,5202374
890;-46,6392755;-23,5202515
889;-46,6393221;-23,5218893
888;-46,6393201;-23,5218884
887;-46,6395843;-23,5235565
886;-46,6394788;-23,5236474
885;-46,6394775;-23,5236486
884;-46,6393646;-23,5237579
883;-46,6393640;-23,5237584
882;-46,6392215;-23,5238842
881;-46,6394366;-23,5231815
880;-46,6396974;-23,5233058
879;-46,6397438;-23,5233279
878;-46,6394598;-23,5219429
877;-46,6394776;-23,5219590
876;-46,6391813;-23,5204098
875;-46,6392980;-23,5206504
874;-46,6394194;-23,5209193
873;-46,6395009;-23,5211867
872;-46,6397250;-23,5215158
871;-46,6395216;-23,5215521
826;-46,6402834;-23,5236037
825;-46,6402815;-23,5236029
824;-46,6401272;-23,5214284
823;-46,6402951;-23,5244220
822;-46,6403046;-23,5244077
821;-46,6404058;-23,5212759
820;-46,6403946;-23,5212847
819;-46,6403826;-23,5212939
818;-46,6405082;-23,5245127
817;-46,6405755;-23,5236829
816;-46,6401834;-23,5243897
815;-46,6403273;-23,5241352
814;-46,6404904;-23,5238627
813;-46,6405572;-23,5237266
812;-46,6405966;-23,5237442
811;-46,6405311;-23,5221864
810;-46,6406247;-23,5220272
809;-46,6406849;-23,5246170
808;-46,6406954;-23,5246010
807;-46,6406499;-23,5219840
806;-46,6406687;-23,5219183
805;-46,6407147;-23,5220624
804;-46,6406998;-23,5220570
803;-46,6407387;-23,5220260
802;-46,6407176;-23,5220183
801;-46,6407301;-23,5233825
800;-46,6408011;-23,5246356
799;-46,6407938;-23,5246450
798;-46,6406786;-23,5219238
797;-46,6407208;-23,5217490
796;-46,6410969;-23,5239861
795;-46,6408144;-23,5238512
794;-46,6408233;-23,5238592
793;-46,6402666;-23,5214112
792;-46,6404300;-23,5214067
791;-46,6406688;-23,5214891
3429;-46,6229870;-23,5245556
3428;-46,6229887;-23,5246888
3427;-46,6232313;-23,5253984
3426;-46,6231929;-23,5246966
3425;-46,6251212;-23,5254088
3424;-46,6241087;-23,5254368
3423;-46,6232374;-23,5254506
3422;-46,6254428;-23,5247104
3421;-46,6254794;-23,5254225
3420;-46,6259238;-23,5246491
3419;-46,6270524;-23,5244652
3418;-46,6273584;-23,5244068
3417;-46,6270613;-23,5244733
3416;-46,6273559;-23,5243971
3415;-46,6274975;-23,5243786
3414;-46,6274823;-23,5243795
3413;-46,6274912;-23,5243875
3412;-46,6376271;-23,5222929
3411;-46,6374093;-23,5221874
3410;-46,6372208;-23,5220931
3409;-46,6372199;-23,5220927
3408;-46,6376611;-23,5244293
3407;-46,6376576;-23,5244352
3406;-46,6376508;-23,5244473
3405;-46,6377026;-23,5246539
3404;-46,6259372;-23,5246494
3403;-46,6259369;-23,5246474
3402;-46,6258005;-23,5246850
3401;-46,6259380;-23,5246572
3400;-46,6269442;-23,5245016
958;-46,6362408;-23,5200235
957;-46,6362901;-23,5200660
956;-46,6357838;-23,5206075
955;-46,6358996;-23,5205156
954;-46,6361146;-23,5203422
953;-46,6362924;-23,5201774
952;-46,6363017;-23,5201321
951;-46,6364863;-23,5215712
950;-46,6366336;-23,5215563
949;-46,6366426;-23,5215644
948;-46,6368574;-23,5215170
947;-46,6370144;-23,5215424
946;-46,6370359;-23,5210359
945;-46,6370276;-23,5210227
944;-46,6370218;-23,5210134
943;-46,6370576;-23,5210724
942;-46,6370398;-23,5210421
941;-46,6369644;-23,5214525
940;-46,6370703;-23,5213070
939;-46,6370794;-23,5211724
938;-46,6370883;-23,5211804
937;-46,6372546;-23,5215691
936;-46,6372524;-23,5215692
935;-46,6373590;-23,5216923
934;-46,6373612;-23,5216923
933;-46,6375353;-23,5216904
932;-46,6375434;-23,5215549
931;-46,6376409;-23,5223012
930;-46,6387011;-23,5217233
929;-46,6385638;-23,5217067
928;-46,6383287;-23,5217000
927;-46,6379663;-23,5216949
926;-46,6377626;-23,5216881
925;-46,6377605;-23,5216881
924;-46,6376513;-23,5225425
923;-46,6377715;-23,5225123
922;-46,6382843;-23,5226183
921;-46,6382805;-23,5226164
920;-46,6380200;-23,5224873
919;-46,6379040;-23,5224286
918;-46,6381336;-23,5216850
917;-46,6381425;-23,5216931
916;-46,6382655;-23,5205887
915;-46,6384733;-23,5204885
870;-46,6395015;-23,5211886
869;-46,6397534;-23,5199884
868;-46,6396341;-23,5201373
867;-46,6396329;-23,5201389
866;-46,6397042;-23,5220649
865;-46,6398770;-23,5249227
864;-46,6398619;-23,5249492
863;-46,6398280;-23,5250083
862;-46,6397666;-23,5251292
861;-46,6395953;-23,5235471
860;-46,6397823;-23,5233506
859;-46,6402684;-23,5235964
858;-46,6400515;-23,5234869
857;-46,6399661;-23,5234438
856;-46,6397851;-23,5233477
855;-46,6397912;-23,5233400
854;-46,6398079;-23,5233191
853;-46,6395976;-23,5214562
852;-46,6398234;-23,5214202
851;-46,6398441;-23,5214946
850;-46,6398529;-23,5221275
849;-46,6398629;-23,5221400
848;-46,6399701;-23,5245531
847;-46,6399734;-23,5231710
846;-46,6399726;-23,5231727
845;-46,6400072;-23,5246733
844;-46,6399644;-23,5245463
843;-46,6399722;-23,5245521
842;-46,6399188;-23,5248499
841;-46,6399199;-23,5248481
840;-46,6400172;-23,5246819
839;-46,6400296;-23,5198617
838;-46,6400188;-23,5198848
837;-46,6400508;-23,5213710
836;-46,6400786;-23,5229559
835;-46,6400875;-23,5229639
834;-46,6401546;-23,5228458
833;-46,6400405;-23,5246031
832;-46,6403899;-23,5244506
831;-46,6402323;-23,5243711
830;-46,6401940;-23,5227027
829;-46,6402118;-23,5227188
828;-46,6405496;-23,5237223
827;-46,6404291;-23,5236556
779;-46,6412900;-23,5227977
3399;-46,6263968;-23,5245886
3397;-46,6261588;-23,5246085
3396;-46,6261628;-23,5246306
3393;-46,6268080;-23,5245039
3391;-46,6268676;-23,5244861
3390;-46,6268854;-23,5245022
3389;-46,6270426;-23,5244652
3388;-46,6270442;-23,5244668
3387;-46,6270418;-23,5244735
3386;-46,6270438;-23,5244734
3385;-46,6270515;-23,5244734
3383;-46,6274942;-23,5243789
3381;-46,6274994;-23,5243860
3379;-46,6275888;-23,5243594
3377;-46,6276083;-23,5242487
3376;-46,6281386;-23,5241381
3374;-46,6282629;-23,5242259
3373;-46,6281065;-23,5242546
3372;-46,6279307;-23,5242925
3370;-46,6283495;-23,5240986
3369;-46,6281443;-23,5241368
3367;-46,6289062;-23,5231806
3365;-46,6283734;-23,5232856
3364;-46,6284567;-23,5232667
3363;-46,6285257;-23,5233021
3362;-46,6285901;-23,5236816
3361;-46,6285678;-23,5235364
3359;-46,6286401;-23,5238427
3358;-46,6286813;-23,5240048
3357;-46,6288053;-23,5245363
3356;-46,6287901;-23,5244881
3355;-46,6287544;-23,5243743
3353;-46,6287853;-23,5245472
3352;-46,6288071;-23,5245423
3351;-46,6289738;-23,5246971
3350;-46,6288469;-23,5247345
3348;-46,6294959;-23,5233550
3347;-46,6294644;-23,5231245
3346;-46,6294641;-23,5231225
3345;-46,6295084;-23,5235002
3344;-46,6295174;-23,5235084
3342;-46,6296324;-23,5242281
3341;-46,6295823;-23,5240044
3340;-46,6295493;-23,5237158
3339;-46,6295493;-23,5237154
3338;-46,6296488;-23,5230554
3337;-46,6296480;-23,5236172
3336;-46,6296659;-23,5236339
3334;-46,6297066;-23,5238943
3333;-46,6297413;-23,5239031
3332;-46,6297104;-23,5239064
3331;-46,6299593;-23,5230241
3328;-46,6303094;-23,5234098
3327;-46,6302880;-23,5232565
3326;-46,6302461;-23,5230402
3325;-46,6302162;-23,5229954
3324;-46,6303124;-23,5235814
3323;-46,6303309;-23,5235721
3322;-46,6303549;-23,5237633
3321;-46,6303726;-23,5237794
3320;-46,6304101;-23,5240202
3319;-46,6304050;-23,5239887
3318;-46,6304047;-23,5239868
3317;-46,6304576;-23,5243113
3316;-46,6304371;-23,5242302
3315;-46,6308561;-23,5240633
3314;-46,6304365;-23,5241850
3312;-46,6308749;-23,5231529
1450;-46,6229819;-23,5246914
1449;-46,6232159;-23,5253975
1448;-46,6231894;-23,5246973
1447;-46,6254888;-23,5254219
1446;-46,6251255;-23,5254084
1445;-46,6241065;-23,5254363
1444;-46,6232263;-23,5254654
1443;-46,6259453;-23,5253570
1442;-46,6292521;-23,5250283
1441;-46,6289233;-23,5253658
1440;-46,6283640;-23,5252814
1439;-46,6281120;-23,5252027
1438;-46,6289144;-23,5253577
1437;-46,6283551;-23,5252734
1436;-46,6284704;-23,5251719
1435;-46,6290358;-23,5249583
1434;-46,6292432;-23,5250202
1433;-46,6292712;-23,5249920
1432;-46,6401642;-23,5290169
1431;-46,6401638;-23,5290144
1430;-46,6403961;-23,5286129
1429;-46,6401719;-23,5290021
1428;-46,6401626;-23,5290060
1427;-46,6410867;-23,5273084
1426;-46,6413740;-23,5273789
1425;-46,6408534;-23,5278042
1424;-46,6411005;-23,5273223
1423;-46,6405603;-23,5282392
1422;-46,6414255;-23,5267863
1421;-46,6406416;-23,5281434
1420;-46,6410950;-23,5273236
1419;-46,6410899;-23,5273112
1418;-46,6308436;-23,5266235
1417;-46,6308525;-23,5266316
1416;-46,6308613;-23,5266396
1415;-46,6308703;-23,5266475
1414;-46,6312782;-23,5254884
1413;-46,6312871;-23,5254964
1412;-46,6370555;-23,5250167
1368;-46,6290167;-23,5248946
1367;-46,6290259;-23,5249584
1366;-46,6290244;-23,5249571
1365;-46,6293282;-23,5249617
1364;-46,6290163;-23,5249504
1363;-46,6290854;-23,5250120
1362;-46,6291638;-23,5250202
1361;-46,6292622;-23,5249749
1360;-46,6292695;-23,5249815
1359;-46,6292711;-23,5249829
1358;-46,6295055;-23,5249263
1357;-46,6296676;-23,5244920
1356;-46,6296909;-23,5248702
1355;-46,6296328;-23,5242302
1354;-46,6296765;-23,5245000
1353;-46,6297075;-23,5246352
1352;-46,6297363;-23,5243086
1351;-46,6297742;-23,5243027
1350;-46,6298417;-23,5244950
1349;-46,6298049;-23,5245045
1348;-46,6301088;-23,5246220
1347;-46,6298874;-23,5247536
1346;-46,6304268;-23,5244399
1345;-46,6302744;-23,5245300
1344;-46,6302713;-23,5245319
1343;-46,6304576;-23,5243113
1342;-46,6304576;-23,5243133
1341;-46,6304555;-23,5243945
1340;-46,6306372;-23,5252220
1339;-46,6306613;-23,5254642
1338;-46,6306748;-23,5254633
1337;-46,6307105;-23,5257535
1336;-46,6307533;-23,5260510
1335;-46,6307209;-23,5259650
1334;-46,6307204;-23,5259589
1333;-46,6307321;-23,5259610
1332;-46,6310773;-23,5261199
1331;-46,6307742;-23,5261592
1330;-46,6308366;-23,5264565
1329;-46,6308882;-23,5266637
1328;-46,6319569;-23,5251715
1327;-46,6316543;-23,5252560
1326;-46,6313419;-23,5253404
1282;-46,6332722;-23,5254196
1281;-46,6333782;-23,5263294
1280;-46,6333804;-23,5263314
1279;-46,6332413;-23,5263813
1278;-46,6334194;-23,5253648
1277;-46,6334201;-23,5253654
1276;-46,6334284;-23,5253727
1275;-46,6335963;-23,5253254
1274;-46,6336750;-23,5253069
1273;-46,6337553;-23,5253756
1272;-46,6337473;-23,5253695
1271;-46,6338903;-23,5252454
1270;-46,6343151;-23,5251220
1269;-46,6339379;-23,5252315
1268;-46,6339359;-23,5252320
1267;-46,6340559;-23,5261527
1266;-46,6333859;-23,5263363
1265;-46,6335697;-23,5262887
1264;-46,6339300;-23,5262027
1263;-46,6342308;-23,5261218
1262;-46,6340649;-23,5261608
1261;-46,6340841;-23,5251691
1260;-46,6341018;-23,5251850
1259;-46,6342198;-23,5251396
1258;-46,6342287;-23,5251477
1257;-46,6343436;-23,5260570
1256;-46,6343284;-23,5260858
1255;-46,6343079;-23,5242637
1254;-46,6343934;-23,5251002
1253;-46,6345848;-23,5254329
1252;-46,6344936;-23,5251810
1251;-46,6345000;-23,5248297
1250;-46,6345366;-23,5260392
1249;-46,6345345;-23,5260397
1248;-46,6343257;-23,5242798
1247;-46,6343565;-23,5243877
1246;-46,6344578;-23,5246667
1452;-46,6232379;-23,5253900
1451;-46,6231900;-23,5246971
1411;-46,6300358;-23,5293181
1410;-46,6300345;-23,5293186
1409;-46,6297296;-23,5294102
3311;-46,6309558;-23,5234121
3310;-46,6310075;-23,5236283
3309;-46,6310684;-23,5238173
3308;-46,6310724;-23,5238183
3307;-46,6312247;-23,5239029
3306;-46,6315338;-23,5242277
3305;-46,6313571;-23,5239591
3304;-46,6314597;-23,5237679
3303;-46,6312901;-23,5238745
3302;-46,6312901;-23,5246188
3301;-46,6317790;-23,5242523
3300;-46,6315265;-23,5244265
3299;-46,6316707;-23,5243163
3298;-46,6320354;-23,5240964
3296;-46,6323521;-23,5238670
3295;-46,6320316;-23,5240871
3294;-46,6331878;-23,5233435
3292;-46,6329296;-23,5235158
1408;-46,6397236;-23,5272954
1407;-46,6396603;-23,5274511
1406;-46,6396608;-23,5274502
1405;-46,6397029;-23,5273719
1404;-46,6397605;-23,5251352
1403;-46,6356378;-23,5253821
1402;-46,6308994;-23,5267161
1401;-46,6297382;-23,5247684
1400;-46,6297386;-23,5247702
1399;-46,6298054;-23,5245075
1398;-46,6298342;-23,5247196
1397;-46,6298361;-23,5247331
1396;-46,6308362;-23,5264546
1395;-46,6396830;-23,5266706
1394;-46,6398971;-23,5266502
1393;-46,6315328;-23,5254129
1392;-46,6391584;-23,5250370
1391;-46,6395634;-23,5252240
1390;-46,6385523;-23,5273484
1389;-46,6257607;-23,5253898
1388;-46,6258555;-23,5253464
1387;-46,6259651;-23,5253588
1386;-46,6259648;-23,5253568
1385;-46,6258593;-23,5253795
1384;-46,6278637;-23,5252144
1383;-46,6273061;-23,5252654
1382;-46,6269445;-23,5253233
1381;-46,6264941;-23,5253371
1380;-46,6260733;-23,5253595
1379;-46,6259663;-23,5253669
1378;-46,6266713;-23,5253361
1377;-46,6266809;-23,5253444
1376;-46,6275811;-23,5252452
1375;-46,6275905;-23,5252542
1374;-46,6284703;-23,5251629
1373;-46,6284680;-23,5251631
1372;-46,6282257;-23,5251835
1371;-46,6281000;-23,5252029
1370;-46,6280998;-23,5252009
1369;-46,6280991;-23,5251939
1325;-46,6312776;-23,5251254
1324;-46,6312924;-23,5252959
1323;-46,6313049;-23,5255125
1322;-46,6313159;-23,5256117
1321;-46,6313558;-23,5259073
1320;-46,6313908;-23,5261096
1319;-46,6313905;-23,5261075
1318;-46,6314093;-23,5262613
1317;-46,6314070;-23,5262474
1316;-46,6314048;-23,5263079
1315;-46,6314176;-23,5263104
1314;-46,6313559;-23,5259093
1313;-46,6313904;-23,5261063
1312;-46,6314153;-23,5259514
1311;-46,6314651;-23,5265944
1310;-46,6314383;-23,5264006
1309;-46,6315180;-23,5253815
1308;-46,6314786;-23,5253029
1307;-46,6320134;-23,5257863
1306;-46,6318475;-23,5258331
1305;-46,6317792;-23,5258519
1304;-46,6316718;-23,5258800
1303;-46,6316133;-23,5258988
1302;-46,6315611;-23,5259113
1301;-46,6315204;-23,5259231
1300;-46,6320621;-23,5257677
1299;-46,6321137;-23,5251075
1298;-46,6321226;-23,5251156
1297;-46,6325501;-23,5256258
1296;-46,6322172;-23,5257242
1295;-46,6321409;-23,5257450
1294;-46,6323178;-23,5250594
1293;-46,6323751;-23,5256647
1292;-46,6323842;-23,5256727
1291;-46,6323871;-23,5249611
1290;-46,6324050;-23,5249772
1289;-46,6328830;-23,5256314
1288;-46,6328742;-23,5256233
1287;-46,6327940;-23,5255510
1286;-46,6329404;-23,5255134
1285;-46,6332193;-23,5255497
1284;-46,6332138;-23,5255259
1283;-46,6335943;-23,5253259
1454;-46,6229807;-23,5246898
1453;-46,6232576;-23,5255390
253;-46,6254236;-23,5314618
252;-46,6254205;-23,5312179
251;-46,6254045;-23,5307073
250;-46,6254126;-23,5305140
249;-46,6254126;-23,5305120
248;-46,6254008;-23,5314917
247;-46,6254270;-23,5314939
246;-46,6258173;-23,5309413
245;-46,6258003;-23,5307100
244;-46,6258001;-23,5307081
243;-46,6259313;-23,5313052
242;-46,6258183;-23,5312822
241;-46,6260213;-23,5311414
240;-46,6262344;-23,5307229
239;-46,6260876;-23,5310141
238;-46,6261403;-23,5323221
237;-46,6262899;-23,5326267
236;-46,6262108;-23,5324848
235;-46,6262098;-23,5324829
234;-46,6261492;-23,5323302
233;-46,6260988;-23,5322133
232;-46,6260676;-23,5320781
231;-46,6261730;-23,5318874
230;-46,6263368;-23,5316600
229;-46,6267280;-23,5324054
228;-46,6265326;-23,5324525
227;-46,6262884;-23,5325093
226;-46,6263974;-23,5326075
225;-46,6263608;-23,5328156
224;-46,6263199;-23,5327067
223;-46,6256963;-23,5329399
222;-46,6258509;-23,5327667
221;-46,6260162;-23,5326656
220;-46,6262782;-23,5316696
219;-46,6263457;-23,5315875
218;-46,6263934;-23,5314788
217;-46,6264699;-23,5313335
216;-46,6266520;-23,5318011
215;-46,6264866;-23,5317314
214;-46,6264846;-23,5317306
213;-46,6266423;-23,5310156
212;-46,6265463;-23,5311792
211;-46,6266905;-23,5309519
210;-46,6266900;-23,5309158
165;-46,6315097;-23,5297836
164;-46,6315145;-23,5297997
163;-46,6315451;-23,5298987
162;-46,6314151;-23,5311923
161;-46,6314240;-23,5312002
160;-46,6315801;-23,5311535
159;-46,6317074;-23,5312494
158;-46,6318534;-23,5310875
157;-46,6317083;-23,5312244
156;-46,6317169;-23,5311250
155;-46,6316368;-23,5301867
154;-46,6317249;-23,5304885
153;-46,6317963;-23,5310591
152;-46,6318046;-23,5310879
151;-46,6317288;-23,5305018
150;-46,6318204;-23,5307808
149;-46,6315729;-23,5289773
148;-46,6318563;-23,5288618
146;-46,6320201;-23,5287424
145;-46,6318854;-23,5287775
144;-46,6318984;-23,5290169
143;-46,6318971;-23,5290127
142;-46,6319938;-23,5313479
141;-46,6319018;-23,5310327
140;-46,6319868;-23,5293006
139;-46,6319850;-23,5292941
138;-46,6319696;-23,5292418
137;-46,6319684;-23,5292377
136;-46,6320479;-23,5295685
135;-46,6320568;-23,5295765
134;-46,6320634;-23,5296261
133;-46,6320451;-23,5296072
132;-46,6321505;-23,5298614
131;-46,6320688;-23,5295823
130;-46,6321851;-23,5300447
129;-46,6322649;-23,5302975
128;-46,6326620;-23,5315559
127;-46,6325840;-23,5312843
126;-46,6325157;-23,5310597
125;-46,6324380;-23,5308285
124;-46,6323359;-23,5305045
123;-46,6327616;-23,5320100
122;-46,6326658;-23,5315692
121;-46,6327342;-23,5318187
75;-46,6234691;-23,5254319
74;-46,6233222;-23,5254334
73;-46,6257367;-23,5255594
72;-46,6256601;-23,5253925
70;-46,6256774;-23,5256887
69;-46,6256748;-23,5255977
68;-46,6233184;-23,5255498
67;-46,6232808;-23,5255492
66;-46,6232192;-23,5246720
65;-46,6232462;-23,5251992
64;-46,6232391;-23,5250460
63;-46,6232282;-23,5248754
62;-46,6232355;-23,5248820
61;-46,6232371;-23,5248834
60;-46,6251238;-23,5253965
59;-46,6248398;-23,5253995
58;-46,6246538;-23,5254104
57;-46,6244776;-23,5254123
56;-46,6243098;-23,5254140
55;-46,6241066;-23,5254175
54;-46,6240663;-23,5254166
53;-46,6232525;-23,5253348
52;-46,6232684;-23,5255433
51;-46,6232543;-23,5254070
50;-46,6230100;-23,5255270
49;-46,6231375;-23,5255437
48;-46,6232763;-23,5256777
47;-46,6232691;-23,5255489
46;-46,6252512;-23,5253950
45;-46,6251825;-23,5253959
44;-46,6252376;-23,5251645
43;-46,6252386;-23,5251786
42;-46,6252388;-23,5251806
41;-46,6252505;-23,5253591
39;-46,6256221;-23,5245083
38;-46,6256229;-23,5245696
37;-46,6256349;-23,5247500
36;-46,6258005;-23,5246850
35;-46,6257984;-23,5246856
34;-46,6256736;-23,5247135
33;-46,6257994;-23,5245858
32;-46,6256821;-23,5246050
31;-46,6256569;-23,5251667
30;-46,6256600;-23,5253895
29;-46,6256600;-23,5253899
1629;-46,6231933;-23,5254710
1628;-46,6231793;-23,5243864
1627;-46,6231469;-23,5249216
1626;-46,6245293;-23,5255170
1625;-46,6245443;-23,5255109
1624;-46,6245580;-23,5255052
1622;-46,6231734;-23,5243789
291;-46,6232495;-23,5306808
290;-46,6229313;-23,5310995
289;-46,6229334;-23,5310990
288;-46,6231755;-23,5310427
287;-46,6233708;-23,5309866
286;-46,6236524;-23,5320906
285;-46,6236116;-23,5319500
284;-46,6235654;-23,5317909
283;-46,6234816;-23,5315019
282;-46,6234242;-23,5313041
281;-46,6233744;-23,5311324
280;-46,6233220;-23,5310050
279;-46,6237321;-23,5309015
278;-46,6235857;-23,5309392
277;-46,6240011;-23,5308135
276;-46,6240054;-23,5308264
275;-46,6241422;-23,5307979
274;-46,6246823;-23,5309187
273;-46,6243870;-23,5307952
272;-46,6242983;-23,5307511
271;-46,6245365;-23,5308498
270;-46,6245544;-23,5308658
269;-46,6247492;-23,5314968
268;-46,6247580;-23,5315049
267;-46,6247947;-23,5313259
266;-46,6249957;-23,5311008
265;-46,6247950;-23,5313239
264;-46,6248222;-23,5311429
263;-46,6248034;-23,5309748
262;-46,6251387;-23,5311462
261;-46,6252605;-23,5312124
260;-46,6252705;-23,5312181
259;-46,6252684;-23,5312181
258;-46,6254063;-23,5308660
257;-46,6255976;-23,5309436
256;-46,6255905;-23,5309437
255;-46,6254093;-23,5309527
254;-46,6254163;-23,5316786
209;-46,6267288;-23,5307989
208;-46,6267376;-23,5308069
207;-46,6273429;-23,5322364
206;-46,6271770;-23,5322833
205;-46,6268548;-23,5323679
204;-46,6271829;-23,5311725
203;-46,6268499;-23,5310234
202;-46,6268480;-23,5310225
201;-46,6273707;-23,5321097
200;-46,6272034;-23,5320481
199;-46,6270086;-23,5319749
198;-46,6270163;-23,5319599
197;-46,6270472;-23,5311175
196;-46,6270549;-23,5311197
195;-46,6274766;-23,5323054
194;-46,6278212;-23,5321050
193;-46,6275771;-23,5321706
192;-46,6274991;-23,5321987
191;-46,6280994;-23,5321487
190;-46,6280670;-23,5320533
189;-46,6282466;-23,5320086
188;-46,6282609;-23,5320047
187;-46,6284763;-23,5319474
186;-46,6288005;-23,5318610
185;-46,6289712;-23,5318154
184;-46,6290544;-23,5317934
183;-46,6291612;-23,5317649
182;-46,6293730;-23,5317085
181;-46,6296238;-23,5316356
180;-46,6296273;-23,5316346
179;-46,6298030;-23,5315966
178;-46,6301448;-23,5315117
177;-46,6304376;-23,5314364
176;-46,6308283;-23,5313420
175;-46,6311895;-23,5312479
174;-46,6312384;-23,5312384
173;-46,6300484;-23,5316392
172;-46,6300179;-23,5315402
171;-46,6313450;-23,5291865
170;-46,6312893;-23,5290164
169;-46,6313453;-23,5291874
168;-46,6313649;-23,5292585
167;-46,6314222;-23,5294665
166;-46,6314530;-23,5295925
120;-46,6327647;-23,5319448
119;-46,6327648;-23,5319450
118;-46,6327753;-23,5319718
117;-46,6327778;-23,5320045
116;-46,6328159;-23,5320888
115;-46,6327855;-23,5320077
114;-46,6328497;-23,5321485
113;-46,6329580;-23,5324931
112;-46,6330109;-23,5326918
111;-46,6332440;-23,5334479
110;-46,6331728;-23,5332319
109;-46,6331013;-23,5329977
108;-46,6330500;-23,5328087
107;-46,6334374;-23,5340418
106;-46,6334044;-23,5339681
105;-46,6333357;-23,5337359
104;-46,6332750;-23,5335740
103;-46,6333105;-23,5337668
102;-46,6333196;-23,5337749
101;-46,6333463;-23,5337990
100;-46,6334376;-23,5340025
99;-46,6334174;-23,5340059
98;-46,6336109;-23,5346102
97;-46,6335804;-23,5345112
96;-46,6334988;-23,5342592
95;-46,6335973;-23,5346948
94;-46,6336062;-23,5347029
93;-46,6336241;-23,5347189
92;-46,6336151;-23,5347109
91;-46,6336344;-23,5347002
90;-46,6336917;-23,5346692
89;-46,6336454;-23,5347264
88;-46,6337022;-23,5348608
87;-46,6338546;-23,5351718
86;-46,6338545;-23,5351650
84;-46,6229900;-23,5246964
83;-46,6231958;-23,5247033
82;-46,6232370;-23,5248744
81;-46,6256523;-23,5250024
80;-46,6238901;-23,5254184
79;-46,6238644;-23,5254187
78;-46,6236159;-23,5254213
77;-46,6235024;-23,5254294
76;-46,6234875;-23,5254304
27;-46,6257584;-23,5253898
26;-46,6256923;-23,5253912
21;-46,6240663;-23,5254166
20;-46,6240787;-23,5254243
19;-46,6240999;-23,5254377
18;-46,6240968;-23,5254416
17;-46,6232049;-23,5254777
16;-46,6231530;-23,5249374
15;-46,6231966;-23,5254709
14;-46,6231840;-23,5243870
13;-46,6231538;-23,5249216
11;-46,6231738;-23,5243758
10;-46,6229008;-23,5244825
9;-46,6229008;-23,5244825
8;-46,6229008;-23,5244825
7;-46,6229008;-23,5244825
6;-46,6229008;-23,5244825
5;-46,6229008;-23,5244825
4;-46,6229008;-23,5244825
3;-46,6229008;-23,5244825
2;-46,6229008;-23,5244825
1;-46,6229008;-23,5244825
CAI.MT2;-46,6229008;-23,5244825
CAI.MT1;-46,6229008;-23,5244825
CAI.MT0;-46,6229008;-23,5244825
CAI.AT0;-46,6229008;-23,5232325
1656;-46,6331258;-23,5323802
1655;-46,6203954;-23,5262288
1654;-46,6210847;-23,5268104
1649;-46,6240975;-23,5257463
1648;-46,6241017;-23,5257329
1647;-46,6241028;-23,5257293
1646;-46,6241069;-23,5254515
1645;-46,6240972;-23,5254475
1644;-46,6232050;-23,5254820
1643;-46,6231922;-23,5254717
1642;-46,6231468;-23,5249377
1641;-46,6231447;-23,5249217
1640;-46,6231780;-23,5243860
1638;-46,6231734;-23,5243798
1633;-46,6241153;-23,5254450
1632;-46,6232051;-23,5254811
1631;-46,6240966;-23,5254460
1630;-46,6231484;-23,5249381